00:00-02:30,02:00-04:30,04:00-06:30,06:00-08:30,08:00-10:30,10:00-12:30,12:00-14:30,14:00-16:30,16:00-18:30,18:00-20:30,20:00-22:30,22:00-00:30,,,,,,,
00:00-02:30,02:00-04:30,04:00-06:30,06:00-08:30,08:00-10:30,"00:00-02:30
10:00-12:30","02:00-04:30
12:00-14:30","04:00-06:30
14:00-16:30","06:00-08:30
16:00-18:30","08:00-10:30
18:00-20:30","10:00-12:30
20:00-22:30","12:00-14:30
22:00-00:30",14:00-16:30,16:00-18:30,18:00-20:30,20:00-22:30,22:00-00:30,,
"00:00-02:30
18:00-20:30","02:00-04:30
20:00-22:30","04:00-06:30
22:00-00:30",06:00-08:30,08:00-10:30,"00:00-02:30
10:00-12:30","02:00-04:30
12:00-14:30","04:00-06:30
14:00-16:30","06:00-08:30
16:00-18:30","08:00-10:30
18:00-20:30","00:00-02:30
10:00-12:30
20:00-22:30","02:00-04:30
12:00-14:30
22:00-00:30","04:00-06:30
14:00-16:30","06:00-08:30
16:00-18:30","08:00-10:30
18:00-20:30","10:00-12:30
20:00-22:30","12:00-14:30
22:00-00:30",14:00-16:30,16:00-18:30
"00:00-02:30
18:00-20:30
08:00-10:30","02:00-04:30
20:00-22:30
10:00-12:30","04:00-06:30
22:00-00:30
12:00-14:30","06:00-08:30
14:00-16:30","08:00-10:30
16:00-18:30","00:00-02:30
10:00-12:30
18:00-20:30","02:00-04:30
12:00-14:30
20:00-22:30","04:00-06:30
14:00-16:30
22:00-00:30","06:00-08:30
16:00-18:30","08:00-10:30
18:00-20:30","00:00-02:30
10:00-12:30
20:00-22:30","02:00-04:30
12:00-14:30
22:00-00:30","04:00-06:30
14:00-16:30","06:00-08:30
16:00-18:30","08:00-10:30
18:00-20:30","10:00-12:30
20:00-22:30
00:00-02:30","12:00-14:30
22:00-00:30
02:00-04:30","14:00-16:30
04:00-06:30","16:00-18:30
06:00-08:30"
14:00-16:30,16:00-18:30,18:00-20:30,20:00-22:30,22:00-00:30,,,,,,,,00:00-02:30,02:00-04:30,04:00-06:30,06:00-08:30,08:00-10:30,10:00-12:30,12:00-14:30
"04:00-06:30
14:00-16:30","06:00-08:30
16:00-18:30","08:00-10:30
18:00-20:30","10:00-12:30
20:00-22:30","12:00-14:30
22:00-00:30",14:00-16:30,16:00-18:30,18:00-20:30,20:00-22:30,22:00-00:30,,,00:00-02:30,02:00-04:30,04:00-06:30,06:00-08:30,08:00-10:30,"00:00-02:30
10:00-12:30","02:00-04:30
12:00-14:30"
"04:00-06:30
14:00-16:30","06:00-08:30
16:00-18:30","08:00-10:30
18:00-20:30","00:00-02:30
10:00-12:30
20:00-22:30","02:00-04:30
12:00-14:30
22:00-00:30","04:00-06:30
14:00-16:30","06:00-08:30
16:00-18:30","08:00-10:30
18:00-20:30","10:00-12:30
20:00-22:30","12:00-14:30
22:00-00:30",14:00-16:30,16:00-18:30,"00:00-02:30
18:00-20:30","02:00-04:30
20:00-22:30","04:00-06:30
22:00-00:30",06:00-08:30,08:00-10:30,"00:00-02:30
10:00-12:30","02:00-04:30
12:00-14:30"
"04:00-06:30
14:00-16:30
22:00-00:30","06:00-08:30
16:00-18:30","08:00-10:30
18:00-20:30","00:00-02:30
10:00-12:30
20:00-22:30","02:00-04:30
12:00-14:30
22:00-00:30","04:00-06:30
14:00-16:30","06:00-08:30
16:00-18:30","08:00-10:30
18:00-20:30","10:00-12:30
20:00-22:30
00:00-02:30","12:00-14:30
22:00-00:30
02:00-04:30","14:00-16:30
04:00-06:30","16:00-18:30
06:00-08:30","00:00-02:30
18:00-20:30
08:00-10:30","02:00-04:30
20:00-22:30
10:00-12:30","04:00-06:30
22:00-00:30
12:00-14:30","06:00-08:30
14:00-16:30","08:00-10:30
16:00-18:30","00:00-02:30
10:00-12:30
18:00-20:30","02:00-04:30
12:00-14:30
20:00-22:30"
,,,,,00:00-02:30,02:00-04:30,04:00-06:30,06:00-08:30,08:00-10:30,10:00-12:30,12:00-14:30,14:00-16:30,16:00-18:30,18:00-20:30,20:00-22:30,22:00-00:30,,
18:00-20:30,20:00-22:30,22:00-00:30,,,00:00-02:30,02:00-04:30,04:00-06:30,06:00-08:30,08:00-10:30,"00:00-02:30
10:00-12:30","02:00-04:30
12:00-14:30","04:00-06:30
14:00-16:30","06:00-08:30
16:00-18:30","08:00-10:30
18:00-20:30","10:00-12:30
20:00-22:30","12:00-14:30
22:00-00:30",14:00-16:30,16:00-18:30
"08:00-10:30
18:00-20:30","10:00-12:30
20:00-22:30","12:00-14:30
22:00-00:30",14:00-16:30,16:00-18:30,"00:00-02:30
18:00-20:30","02:00-04:30
20:00-22:30","04:00-06:30
22:00-00:30",06:00-08:30,08:00-10:30,"00:00-02:30
10:00-12:30","02:00-04:30
12:00-14:30","04:00-06:30
14:00-16:30","06:00-08:30
16:00-18:30","08:00-10:30
18:00-20:30","00:00-02:30
10:00-12:30
20:00-22:30","02:00-04:30
12:00-14:30
22:00-00:30","04:00-06:30
14:00-16:30","06:00-08:30
16:00-18:30"
"08:00-10:30
18:00-20:30","10:00-12:30
20:00-22:30
00:00-02:30","12:00-14:30
22:00-00:30
02:00-04:30","14:00-16:30
04:00-06:30","16:00-18:30
06:00-08:30","00:00-02:30
18:00-20:30
08:00-10:30","02:00-04:30
20:00-22:30
10:00-12:30","04:00-06:30
22:00-00:30
12:00-14:30","06:00-08:30
14:00-16:30","08:00-10:30
16:00-18:30","00:00-02:30
10:00-12:30
18:00-20:30","02:00-04:30
12:00-14:30
20:00-22:30","04:00-06:30
14:00-16:30
22:00-00:30","06:00-08:30
16:00-18:30","08:00-10:30
18:00-20:30","00:00-02:30
10:00-12:30
20:00-22:30","02:00-04:30
12:00-14:30
22:00-00:30","04:00-06:30
14:00-16:30","06:00-08:30
16:00-18:30"
04:00-06:30,06:00-08:30,08:00-10:30,10:00-12:30,12:00-14:30,14:00-16:30,16:00-18:30,18:00-20:30,20:00-22:30,22:00-00:30,,,,,,,,00:00-02:30,02:00-04:30
04:00-06:30,06:00-08:30,08:00-10:30,"00:00-02:30
10:00-12:30","02:00-04:30
12:00-14:30","04:00-06:30
14:00-16:30","06:00-08:30
16:00-18:30","08:00-10:30
18:00-20:30","10:00-12:30
20:00-22:30","12:00-14:30
22:00-00:30",14:00-16:30,16:00-18:30,18:00-20:30,20:00-22:30,22:00-00:30,,,00:00-02:30,02:00-04:30
"04:00-06:30
22:00-00:30",06:00-08:30,08:00-10:30,"00:00-02:30
10:00-12:30","02:00-04:30
12:00-14:30","04:00-06:30
14:00-16:30","06:00-08:30
16:00-18:30","08:00-10:30
18:00-20:30","00:00-02:30
10:00-12:30
20:00-22:30","02:00-04:30
12:00-14:30
22:00-00:30","04:00-06:30
14:00-16:30","06:00-08:30
16:00-18:30","08:00-10:30
18:00-20:30","10:00-12:30
20:00-22:30","12:00-14:30
22:00-00:30",14:00-16:30,16:00-18:30,"00:00-02:30
18:00-20:30","02:00-04:30
20:00-22:30"
"04:00-06:30
22:00-00:30
12:00-14:30","06:00-08:30
14:00-16:30","08:00-10:30
16:00-18:30","00:00-02:30
10:00-12:30
18:00-20:30","02:00-04:30
12:00-14:30
20:00-22:30","04:00-06:30
14:00-16:30
22:00-00:30","06:00-08:30
16:00-18:30","08:00-10:30
18:00-20:30","00:00-02:30
10:00-12:30
20:00-22:30","02:00-04:30
12:00-14:30
22:00-00:30","04:00-06:30
14:00-16:30","06:00-08:30
16:00-18:30","08:00-10:30
18:00-20:30","10:00-12:30
20:00-22:30
00:00-02:30","12:00-14:30
22:00-00:30
02:00-04:30","14:00-16:30
04:00-06:30","16:00-18:30
06:00-08:30","00:00-02:30
18:00-20:30
08:00-10:30","02:00-04:30
20:00-22:30
10:00-12:30"
18:00-20:30,20:00-22:30,22:00-00:30,,,,,,,,00:00-02:30,02:00-04:30,04:00-06:30,06:00-08:30,08:00-10:30,10:00-12:30,12:00-14:30,14:00-16:30,16:00-18:30
"08:00-10:30
18:00-20:30","10:00-12:30
20:00-22:30","12:00-14:30
22:00-00:30",14:00-16:30,16:00-18:30,18:00-20:30,20:00-22:30,22:00-00:30,,,00:00-02:30,02:00-04:30,04:00-06:30,06:00-08:30,08:00-10:30,"00:00-02:30
10:00-12:30","02:00-04:30
12:00-14:30","04:00-06:30
14:00-16:30","06:00-08:30
16:00-18:30"
"08:00-10:30
18:00-20:30","00:00-02:30
10:00-12:30
20:00-22:30","02:00-04:30
12:00-14:30
22:00-00:30","04:00-06:30
14:00-16:30","06:00-08:30
16:00-18:30","08:00-10:30
18:00-20:30","10:00-12:30
20:00-22:30","12:00-14:30
22:00-00:30",14:00-16:30,16:00-18:30,"00:00-02:30
18:00-20:30","02:00-04:30
20:00-22:30","04:00-06:30
22:00-00:30",06:00-08:30,08:00-10:30,"00:00-02:30
10:00-12:30","02:00-04:30
12:00-14:30","04:00-06:30
14:00-16:30","06:00-08:30
16:00-18:30"
"08:00-10:30
18:00-20:30","00:00-02:30
10:00-12:30
20:00-22:30","02:00-04:30
12:00-14:30
22:00-00:30","04:00-06:30
14:00-16:30","06:00-08:30
16:00-18:30","08:00-10:30
18:00-20:30","10:00-12:30
20:00-22:30
00:00-02:30","12:00-14:30
22:00-00:30
02:00-04:30","14:00-16:30
04:00-06:30","16:00-18:30
06:00-08:30","00:00-02:30
18:00-20:30
08:00-10:30","02:00-04:30
20:00-22:30
10:00-12:30","04:00-06:30
22:00-00:30
12:00-14:30","06:00-08:30
14:00-16:30","08:00-10:30
16:00-18:30","00:00-02:30
10:00-12:30
18:00-20:30","02:00-04:30
12:00-14:30
20:00-22:30","04:00-06:30
14:00-16:30
22:00-00:30","06:00-08:30
16:00-18:30"
,,,00:00-02:30,02:00-04:30,04:00-06:30,06:00-08:30,08:00-10:30,10:00-12:30,12:00-14:30,14:00-16:30,16:00-18:30,18:00-20:30,20:00-22:30,22:00-00:30,,,,
22:00-00:30,,,00:00-02:30,02:00-04:30,04:00-06:30,06:00-08:30,08:00-10:30,"00:00-02:30
10:00-12:30","02:00-04:30
12:00-14:30","04:00-06:30
14:00-16:30","06:00-08:30
16:00-18:30","08:00-10:30
18:00-20:30","10:00-12:30
20:00-22:30","12:00-14:30
22:00-00:30",14:00-16:30,16:00-18:30,18:00-20:30,20:00-22:30
"12:00-14:30
22:00-00:30",14:00-16:30,16:00-18:30,"00:00-02:30
18:00-20:30","02:00-04:30
20:00-22:30","04:00-06:30
22:00-00:30",06:00-08:30,08:00-10:30,"00:00-02:30
10:00-12:30","02:00-04:30
12:00-14:30","04:00-06:30
14:00-16:30","06:00-08:30
16:00-18:30","08:00-10:30
18:00-20:30","00:00-02:30
10:00-12:30
20:00-22:30","02:00-04:30
12:00-14:30
22:00-00:30","04:00-06:30
14:00-16:30","06:00-08:30
16:00-18:30","08:00-10:30
18:00-20:30","10:00-12:30
20:00-22:30"
"12:00-14:30
22:00-00:30
02:00-04:30","14:00-16:30
04:00-06:30","16:00-18:30
06:00-08:30","00:00-02:30
18:00-20:30
08:00-10:30","02:00-04:30
20:00-22:30
10:00-12:30","04:00-06:30
22:00-00:30
12:00-14:30","06:00-08:30
14:00-16:30","08:00-10:30
16:00-18:30","00:00-02:30
10:00-12:30
18:00-20:30","02:00-04:30
12:00-14:30
20:00-22:30","04:00-06:30
14:00-16:30
22:00-00:30","06:00-08:30
16:00-18:30","08:00-10:30
18:00-20:30","00:00-02:30
10:00-12:30
20:00-22:30","02:00-04:30
12:00-14:30
22:00-00:30","04:00-06:30
14:00-16:30","06:00-08:30
16:00-18:30","08:00-10:30
18:00-20:30","10:00-12:30
20:00-22:30
00:00-02:30"
08:00-10:30,10:00-12:30,12:00-14:30,14:00-16:30,16:00-18:30,18:00-20:30,20:00-22:30,22:00-00:30,,,,,,,,00:00-02:30,02:00-04:30,04:00-06:30,06:00-08:30
08:00-10:30,"00:00-02:30
10:00-12:30","02:00-04:30
12:00-14:30","04:00-06:30
14:00-16:30","06:00-08:30
16:00-18:30","08:00-10:30
18:00-20:30","10:00-12:30
20:00-22:30","12:00-14:30
22:00-00:30",14:00-16:30,16:00-18:30,18:00-20:30,20:00-22:30,22:00-00:30,,,00:00-02:30,02:00-04:30,04:00-06:30,06:00-08:30
08:00-10:30,"00:00-02:30
10:00-12:30","02:00-04:30
12:00-14:30","04:00-06:30
14:00-16:30","06:00-08:30
16:00-18:30","08:00-10:30
18:00-20:30","00:00-02:30
10:00-12:30
20:00-22:30","02:00-04:30
12:00-14:30
22:00-00:30","04:00-06:30
14:00-16:30","06:00-08:30
16:00-18:30","08:00-10:30
18:00-20:30","10:00-12:30
20:00-22:30","12:00-14:30
22:00-00:30",14:00-16:30,16:00-18:30,"00:00-02:30
18:00-20:30","02:00-04:30
20:00-22:30","04:00-06:30
22:00-00:30",06:00-08:30
"08:00-10:30
16:00-18:30","00:00-02:30
10:00-12:30
18:00-20:30","02:00-04:30
12:00-14:30
20:00-22:30","04:00-06:30
14:00-16:30
22:00-00:30","06:00-08:30
16:00-18:30","08:00-10:30
18:00-20:30","00:00-02:30
10:00-12:30
20:00-22:30","02:00-04:30
12:00-14:30
22:00-00:30","04:00-06:30
14:00-16:30","06:00-08:30
16:00-18:30","08:00-10:30
18:00-20:30","10:00-12:30
20:00-22:30
00:00-02:30","12:00-14:30
22:00-00:30
02:00-04:30","14:00-16:30
04:00-06:30","16:00-18:30
06:00-08:30","00:00-02:30
18:00-20:30
08:00-10:30","02:00-04:30
20:00-22:30
10:00-12:30","04:00-06:30
22:00-00:30
12:00-14:30","06:00-08:30
14:00-16:30"
22:00-00:30,,,,,,,,00:00-02:30,02:00-04:30,04:00-06:30,06:00-08:30,08:00-10:30,10:00-12:30,12:00-14:30,14:00-16:30,16:00-18:30,18:00-20:30,20:00-22:30
"12:00-14:30
22:00-00:30",14:00-16:30,16:00-18:30,18:00-20:30,20:00-22:30,22:00-00:30,,,00:00-02:30,02:00-04:30,04:00-06:30,06:00-08:30,08:00-10:30,"00:00-02:30
10:00-12:30","02:00-04:30
12:00-14:30","04:00-06:30
14:00-16:30","06:00-08:30
16:00-18:30","08:00-10:30
18:00-20:30","10:00-12:30
20:00-22:30"
"02:00-04:30
12:00-14:30
22:00-00:30","04:00-06:30
14:00-16:30","06:00-08:30
16:00-18:30","08:00-10:30
18:00-20:30","10:00-12:30
20:00-22:30","12:00-14:30
22:00-00:30",14:00-16:30,16:00-18:30,"00:00-02:30
18:00-20:30","02:00-04:30
20:00-22:30","04:00-06:30
22:00-00:30",06:00-08:30,08:00-10:30,"00:00-02:30
10:00-12:30","02:00-04:30
12:00-14:30","04:00-06:30
14:00-16:30","06:00-08:30
16:00-18:30","08:00-10:30
18:00-20:30","00:00-02:30
10:00-12:30
20:00-22:30"
"02:00-04:30
12:00-14:30
22:00-00:30","04:00-06:30
14:00-16:30","06:00-08:30
16:00-18:30","08:00-10:30
18:00-20:30","10:00-12:30
20:00-22:30
00:00-02:30","12:00-14:30
22:00-00:30
02:00-04:30","14:00-16:30
04:00-06:30","16:00-18:30
06:00-08:30","00:00-02:30
18:00-20:30
08:00-10:30","02:00-04:30
20:00-22:30
10:00-12:30","04:00-06:30
22:00-00:30
12:00-14:30","06:00-08:30
14:00-16:30","08:00-10:30
16:00-18:30","00:00-02:30
10:00-12:30
18:00-20:30","02:00-04:30
12:00-14:30
20:00-22:30","04:00-06:30
14:00-16:30
22:00-00:30","06:00-08:30
16:00-18:30","08:00-10:30
18:00-20:30","00:00-02:30
10:00-12:30
20:00-22:30"
,00:00-02:30,02:00-04:30,04:00-06:30,06:00-08:30,08:00-10:30,10:00-12:30,12:00-14:30,14:00-16:30,16:00-18:30,18:00-20:30,20:00-22:30,22:00-00:30,,,,,,
,00:00-02:30,02:00-04:30,04:00-06:30,06:00-08:30,08:00-10:30,"00:00-02:30
10:00-12:30","02:00-04:30
12:00-14:30","04:00-06:30
14:00-16:30","06:00-08:30
16:00-18:30","08:00-10:30
18:00-20:30","10:00-12:30
20:00-22:30","12:00-14:30
22:00-00:30",14:00-16:30,16:00-18:30,18:00-20:30,20:00-22:30,22:00-00:30,
16:00-18:30,"00:00-02:30
18:00-20:30","02:00-04:30
20:00-22:30","04:00-06:30
22:00-00:30",06:00-08:30,08:00-10:30,"00:00-02:30
10:00-12:30","02:00-04:30
12:00-14:30","04:00-06:30
14:00-16:30","06:00-08:30
16:00-18:30","08:00-10:30
18:00-20:30","00:00-02:30
10:00-12:30
20:00-22:30","02:00-04:30
12:00-14:30
22:00-00:30","04:00-06:30
14:00-16:30","06:00-08:30
16:00-18:30","08:00-10:30
18:00-20:30","10:00-12:30
20:00-22:30","12:00-14:30
22:00-00:30",14:00-16:30
"16:00-18:30
06:00-08:30","00:00-02:30
18:00-20:30
08:00-10:30","02:00-04:30
20:00-22:30
10:00-12:30","04:00-06:30
22:00-00:30
12:00-14:30","06:00-08:30
14:00-16:30","08:00-10:30
16:00-18:30","00:00-02:30
10:00-12:30
18:00-20:30","02:00-04:30
12:00-14:30
20:00-22:30","04:00-06:30
14:00-16:30
22:00-00:30","06:00-08:30
16:00-18:30","08:00-10:30
18:00-20:30","00:00-02:30
10:00-12:30
20:00-22:30","02:00-04:30
12:00-14:30
22:00-00:30","04:00-06:30
14:00-16:30","06:00-08:30
16:00-18:30","08:00-10:30
18:00-20:30","10:00-12:30
20:00-22:30
00:00-02:30","12:00-14:30
22:00-00:30
02:00-04:30","14:00-16:30
04:00-06:30"
12:00-14:30,14:00-16:30,16:00-18:30,18:00-20:30,20:00-22:30,22:00-00:30,,,,,,,,00:00-02:30,02:00-04:30,04:00-06:30,06:00-08:30,08:00-10:30,10:00-12:30
"02:00-04:30
12:00-14:30","04:00-06:30
14:00-16:30","06:00-08:30
16:00-18:30","08:00-10:30
18:00-20:30","10:00-12:30
20:00-22:30","12:00-14:30
22:00-00:30",14:00-16:30,16:00-18:30,18:00-20:30,20:00-22:30,22:00-00:30,,,00:00-02:30,02:00-04:30,04:00-06:30,06:00-08:30,08:00-10:30,"00:00-02:30
10:00-12:30"
"02:00-04:30
12:00-14:30","04:00-06:30
14:00-16:30","06:00-08:30
16:00-18:30","08:00-10:30
18:00-20:30","00:00-02:30
10:00-12:30
20:00-22:30","02:00-04:30
12:00-14:30
22:00-00:30","04:00-06:30
14:00-16:30","06:00-08:30
16:00-18:30","08:00-10:30
18:00-20:30","10:00-12:30
20:00-22:30","12:00-14:30
22:00-00:30",14:00-16:30,16:00-18:30,"00:00-02:30
18:00-20:30","02:00-04:30
20:00-22:30","04:00-06:30
22:00-00:30",06:00-08:30,08:00-10:30,"00:00-02:30
10:00-12:30"
"02:00-04:30
12:00-14:30
20:00-22:30","04:00-06:30
14:00-16:30
22:00-00:30","06:00-08:30
16:00-18:30","08:00-10:30
18:00-20:30","00:00-02:30
10:00-12:30
20:00-22:30","02:00-04:30
12:00-14:30
22:00-00:30","04:00-06:30
14:00-16:30","06:00-08:30
16:00-18:30","08:00-10:30
18:00-20:30","10:00-12:30
20:00-22:30
00:00-02:30","12:00-14:30
22:00-00:30
02:00-04:30","14:00-16:30
04:00-06:30","16:00-18:30
06:00-08:30","00:00-02:30
18:00-20:30
08:00-10:30","02:00-04:30
20:00-22:30
10:00-12:30","04:00-06:30
22:00-00:30
12:00-14:30","06:00-08:30
14:00-16:30","08:00-10:30
16:00-18:30","00:00-02:30
10:00-12:30
18:00-20:30"
,,,,,,00:00-02:30,02:00-04:30,04:00-06:30,06:00-08:30,08:00-10:30,10:00-12:30,12:00-14:30,14:00-16:30,16:00-18:30,18:00-20:30,20:00-22:30,22:00-00:30,
16:00-18:30,18:00-20:30,20:00-22:30,22:00-00:30,,,00:00-02:30,02:00-04:30,04:00-06:30,06:00-08:30,08:00-10:30,"00:00-02:30
10:00-12:30","02:00-04:30
12:00-14:30","04:00-06:30
14:00-16:30","06:00-08:30
16:00-18:30","08:00-10:30
18:00-20:30","10:00-12:30
20:00-22:30","12:00-14:30
22:00-00:30",14:00-16:30
"06:00-08:30
16:00-18:30","08:00-10:30
18:00-20:30","10:00-12:30
20:00-22:30","12:00-14:30
22:00-00:30",14:00-16:30,16:00-18:30,"00:00-02:30
18:00-20:30","02:00-04:30
20:00-22:30","04:00-06:30
22:00-00:30",06:00-08:30,08:00-10:30,"00:00-02:30
10:00-12:30","02:00-04:30
12:00-14:30","04:00-06:30
14:00-16:30","06:00-08:30
16:00-18:30","08:00-10:30
18:00-20:30","00:00-02:30
10:00-12:30
20:00-22:30","02:00-04:30
12:00-14:30
22:00-00:30","04:00-06:30
14:00-16:30"
"06:00-08:30
16:00-18:30","08:00-10:30
18:00-20:30","10:00-12:30
20:00-22:30
00:00-02:30","12:00-14:30
22:00-00:30
02:00-04:30","14:00-16:30
04:00-06:30","16:00-18:30
06:00-08:30","00:00-02:30
18:00-20:30
08:00-10:30","02:00-04:30
20:00-22:30
10:00-12:30","04:00-06:30
22:00-00:30
12:00-14:30","06:00-08:30
14:00-16:30","08:00-10:30
16:00-18:30","00:00-02:30
10:00-12:30
18:00-20:30","02:00-04:30
12:00-14:30
20:00-22:30","04:00-06:30
14:00-16:30
22:00-00:30","06:00-08:30
16:00-18:30","08:00-10:30
18:00-20:30","00:00-02:30
10:00-12:30
20:00-22:30","02:00-04:30
12:00-14:30
22:00-00:30","04:00-06:30
14:00-16:30"
02:00-04:30,04:00-06:30,06:00-08:30,08:00-10:30,10:00-12:30,12:00-14:30,14:00-16:30,16:00-18:30,18:00-20:30,20:00-22:30,22:00-00:30,,,,,,,,00:00-02:30
02:00-04:30,04:00-06:30,06:00-08:30,08:00-10:30,"00:00-02:30
10:00-12:30","02:00-04:30
12:00-14:30","04:00-06:30
14:00-16:30","06:00-08:30
16:00-18:30","08:00-10:30
18:00-20:30","10:00-12:30
20:00-22:30","12:00-14:30
22:00-00:30",14:00-16:30,16:00-18:30,18:00-20:30,20:00-22:30,22:00-00:30,,,00:00-02:30
"02:00-04:30
20:00-22:30","04:00-06:30
22:00-00:30",06:00-08:30,08:00-10:30,"00:00-02:30
10:00-12:30","02:00-04:30
12:00-14:30","04:00-06:30
14:00-16:30","06:00-08:30
16:00-18:30","08:00-10:30
18:00-20:30","00:00-02:30
10:00-12:30
20:00-22:30","02:00-04:30
12:00-14:30
22:00-00:30","04:00-06:30
14:00-16:30","06:00-08:30
16:00-18:30","08:00-10:30
18:00-20:30","10:00-12:30
20:00-22:30","12:00-14:30
22:00-00:30",14:00-16:30,16:00-18:30,"00:00-02:30
18:00-20:30"
"02:00-04:30
20:00-22:30
10:00-12:30","04:00-06:30
22:00-00:30
12:00-14:30","06:00-08:30
14:00-16:30","08:00-10:30
16:00-18:30","00:00-02:30
10:00-12:30
18:00-20:30","02:00-04:30
12:00-14:30
20:00-22:30","04:00-06:30
14:00-16:30
22:00-00:30","06:00-08:30
16:00-18:30","08:00-10:30
18:00-20:30","00:00-02:30
10:00-12:30
20:00-22:30","02:00-04:30
12:00-14:30
22:00-00:30","04:00-06:30
14:00-16:30","06:00-08:30
16:00-18:30","08:00-10:30
18:00-20:30","10:00-12:30
20:00-22:30
00:00-02:30","12:00-14:30
22:00-00:30
02:00-04:30","14:00-16:30
04:00-06:30","16:00-18:30
06:00-08:30","00:00-02:30
18:00-20:30
08:00-10:30"
16:00-18:30,18:00-20:30,20:00-22:30,22:00-00:30,,,,,,,,00:00-02:30,02:00-04:30,04:00-06:30,06:00-08:30,08:00-10:30,10:00-12:30,12:00-14:30,14:00-16:30
"06:00-08:30
16:00-18:30","08:00-10:30
18:00-20:30","10:00-12:30
20:00-22:30","12:00-14:30
22:00-00:30",14:00-16:30,16:00-18:30,18:00-20:30,20:00-22:30,22:00-00:30,,,00:00-02:30,02:00-04:30,04:00-06:30,06:00-08:30,08:00-10:30,"00:00-02:30
10:00-12:30","02:00-04:30
12:00-14:30","04:00-06:30
14:00-16:30"
"06:00-08:30
16:00-18:30","08:00-10:30
18:00-20:30","00:00-02:30
10:00-12:30
20:00-22:30","02:00-04:30
12:00-14:30
22:00-00:30","04:00-06:30
14:00-16:30","06:00-08:30
16:00-18:30","08:00-10:30
18:00-20:30","10:00-12:30
20:00-22:30","12:00-14:30
22:00-00:30",14:00-16:30,16:00-18:30,"00:00-02:30
18:00-20:30","02:00-04:30
20:00-22:30","04:00-06:30
22:00-00:30",06:00-08:30,08:00-10:30,"00:00-02:30
10:00-12:30","02:00-04:30
12:00-14:30","04:00-06:30
14:00-16:30"
"06:00-08:30
16:00-18:30","08:00-10:30
18:00-20:30","00:00-02:30
10:00-12:30
20:00-22:30","02:00-04:30
12:00-14:30
22:00-00:30","04:00-06:30
14:00-16:30","06:00-08:30
16:00-18:30","08:00-10:30
18:00-20:30","10:00-12:30
20:00-22:30
00:00-02:30","12:00-14:30
22:00-00:30
02:00-04:30","14:00-16:30
04:00-06:30","16:00-18:30
06:00-08:30","00:00-02:30
18:00-20:30
08:00-10:30","02:00-04:30
20:00-22:30
10:00-12:30","04:00-06:30
22:00-00:30
12:00-14:30","06:00-08:30
14:00-16:30","08:00-10:30
16:00-18:30","00:00-02:30
10:00-12:30
18:00-20:30","02:00-04:30
12:00-14:30
20:00-22:30","04:00-06:30
14:00-16:30
22:00-00:30"
,,,,00:00-02:30,02:00-04:30,04:00-06:30,06:00-08:30,08:00-10:30,10:00-12:30,12:00-14:30,14:00-16:30,16:00-18:30,18:00-20:30,20:00-22:30,22:00-00:30,,,
20:00-22:30,22:00-00:30,,,00:00-02:30,02:00-04:30,04:00-06:30,06:00-08:30,08:00-10:30,"00:00-02:30
10:00-12:30","02:00-04:30
12:00-14:30","04:00-06:30
14:00-16:30","06:00-08:30
16:00-18:30","08:00-10:30
18:00-20:30","10:00-12:30
20:00-22:30","12:00-14:30
22:00-00:30",14:00-16:30,16:00-18:30,18:00-20:30
"10:00-12:30
20:00-22:30","12:00-14:30
22:00-00:30",14:00-16:30,16:00-18:30,"00:00-02:30
18:00-20:30","02:00-04:30
20:00-22:30","04:00-06:30
22:00-00:30",06:00-08:30,08:00-10:30,"00:00-02:30
10:00-12:30","02:00-04:30
12:00-14:30","04:00-06:30
14:00-16:30","06:00-08:30
16:00-18:30","08:00-10:30
18:00-20:30","00:00-02:30
10:00-12:30
20:00-22:30","02:00-04:30
12:00-14:30
22:00-00:30","04:00-06:30
14:00-16:30","06:00-08:30
16:00-18:30","08:00-10:30
18:00-20:30"
"10:00-12:30
20:00-22:30
00:00-02:30","12:00-14:30
22:00-00:30
02:00-04:30","14:00-16:30
04:00-06:30","16:00-18:30
06:00-08:30","00:00-02:30
18:00-20:30
08:00-10:30","02:00-04:30
20:00-22:30
10:00-12:30","04:00-06:30
22:00-00:30
12:00-14:30","06:00-08:30
14:00-16:30","08:00-10:30
16:00-18:30","00:00-02:30
10:00-12:30
18:00-20:30","02:00-04:30
12:00-14:30
20:00-22:30","04:00-06:30
14:00-16:30
22:00-00:30","06:00-08:30
16:00-18:30","08:00-10:30
18:00-20:30","00:00-02:30
10:00-12:30
20:00-22:30","02:00-04:30
12:00-14:30
22:00-00:30","04:00-06:30
14:00-16:30","06:00-08:30
16:00-18:30","08:00-10:30
18:00-20:30"
06:00-08:30,08:00-10:30,10:00-12:30,12:00-14:30,14:00-16:30,16:00-18:30,18:00-20:30,20:00-22:30,22:00-00:30,,,,,,,,00:00-02:30,02:00-04:30,04:00-06:30
06:00-08:30,08:00-10:30,"00:00-02:30
10:00-12:30","02:00-04:30
12:00-14:30","04:00-06:30
14:00-16:30","06:00-08:30
16:00-18:30","08:00-10:30
18:00-20:30","10:00-12:30
20:00-22:30","12:00-14:30
22:00-00:30",14:00-16:30,16:00-18:30,18:00-20:30,20:00-22:30,22:00-00:30,,,00:00-02:30,02:00-04:30,04:00-06:30
06:00-08:30,08:00-10:30,"00:00-02:30
10:00-12:30","02:00-04:30
12:00-14:30","04:00-06:30
14:00-16:30","06:00-08:30
16:00-18:30","08:00-10:30
18:00-20:30","00:00-02:30
10:00-12:30
20:00-22:30","02:00-04:30
12:00-14:30
22:00-00:30","04:00-06:30
14:00-16:30","06:00-08:30
16:00-18:30","08:00-10:30
18:00-20:30","10:00-12:30
20:00-22:30","12:00-14:30
22:00-00:30",14:00-16:30,16:00-18:30,"00:00-02:30
18:00-20:30","02:00-04:30
20:00-22:30","04:00-06:30
22:00-00:30"
"06:00-08:30
14:00-16:30","08:00-10:30
16:00-18:30","00:00-02:30
10:00-12:30
18:00-20:30","02:00-04:30
12:00-14:30
20:00-22:30","04:00-06:30
14:00-16:30
22:00-00:30","06:00-08:30
16:00-18:30","08:00-10:30
18:00-20:30","00:00-02:30
10:00-12:30
20:00-22:30","02:00-04:30
12:00-14:30
22:00-00:30","04:00-06:30
14:00-16:30","06:00-08:30
16:00-18:30","08:00-10:30
18:00-20:30","10:00-12:30
20:00-22:30
00:00-02:30","12:00-14:30
22:00-00:30
02:00-04:30","14:00-16:30
04:00-06:30","16:00-18:30
06:00-08:30","00:00-02:30
18:00-20:30
08:00-10:30","02:00-04:30
20:00-22:30
10:00-12:30","04:00-06:30
22:00-00:30
12:00-14:30"
20:00-22:30,22:00-00:30,,,,,,,,00:00-02:30,02:00-04:30,04:00-06:30,06:00-08:30,08:00-10:30,10:00-12:30,12:00-14:30,14:00-16:30,16:00-18:30,18:00-20:30
"10:00-12:30
20:00-22:30","12:00-14:30
22:00-00:30",14:00-16:30,16:00-18:30,18:00-20:30,20:00-22:30,22:00-00:30,,,00:00-02:30,02:00-04:30,04:00-06:30,06:00-08:30,08:00-10:30,"00:00-02:30
10:00-12:30","02:00-04:30
12:00-14:30","04:00-06:30
14:00-16:30","06:00-08:30
16:00-18:30","08:00-10:30
18:00-20:30"
"00:00-02:30
10:00-12:30
20:00-22:30","02:00-04:30
12:00-14:30
22:00-00:30","04:00-06:30
14:00-16:30","06:00-08:30
16:00-18:30","08:00-10:30
18:00-20:30","10:00-12:30
20:00-22:30","12:00-14:30
22:00-00:30",14:00-16:30,16:00-18:30,"00:00-02:30
18:00-20:30","02:00-04:30
20:00-22:30","04:00-06:30
22:00-00:30",06:00-08:30,08:00-10:30,"00:00-02:30
10:00-12:30","02:00-04:30
12:00-14:30","04:00-06:30
14:00-16:30","06:00-08:30
16:00-18:30","08:00-10:30
18:00-20:30"
"00:00-02:30
10:00-12:30
20:00-22:30","02:00-04:30
12:00-14:30
22:00-00:30","04:00-06:30
14:00-16:30","06:00-08:30
16:00-18:30","08:00-10:30
18:00-20:30","10:00-12:30
20:00-22:30
00:00-02:30","12:00-14:30
22:00-00:30
02:00-04:30","14:00-16:30
04:00-06:30","16:00-18:30
06:00-08:30","00:00-02:30
18:00-20:30
08:00-10:30","02:00-04:30
20:00-22:30
10:00-12:30","04:00-06:30
22:00-00:30
12:00-14:30","06:00-08:30
14:00-16:30","08:00-10:30
16:00-18:30","00:00-02:30
10:00-12:30
18:00-20:30","02:00-04:30
12:00-14:30
20:00-22:30","04:00-06:30
14:00-16:30
22:00-00:30","06:00-08:30
16:00-18:30","08:00-10:30
18:00-20:30"
,,00:00-02:30,02:00-04:30,04:00-06:30,06:00-08:30,08:00-10:30,10:00-12:30,12:00-14:30,14:00-16:30,16:00-18:30,18:00-20:30,20:00-22:30,22:00-00:30,,,,,
,,00:00-02:30,02:00-04:30,04:00-06:30,06:00-08:30,08:00-10:30,"00:00-02:30
10:00-12:30","02:00-04:30
12:00-14:30","04:00-06:30
14:00-16:30","06:00-08:30
16:00-18:30","08:00-10:30
18:00-20:30","10:00-12:30
20:00-22:30","12:00-14:30
22:00-00:30",14:00-16:30,16:00-18:30,18:00-20:30,20:00-22:30,22:00-00:30
14:00-16:30,16:00-18:30,"00:00-02:30
18:00-20:30","02:00-04:30
20:00-22:30","04:00-06:30
22:00-00:30",06:00-08:30,08:00-10:30,"00:00-02:30
10:00-12:30","02:00-04:30
12:00-14:30","04:00-06:30
14:00-16:30","06:00-08:30
16:00-18:30","08:00-10:30
18:00-20:30","00:00-02:30
10:00-12:30
20:00-22:30","02:00-04:30
12:00-14:30
22:00-00:30","04:00-06:30
14:00-16:30","06:00-08:30
16:00-18:30","08:00-10:30
18:00-20:30","10:00-12:30
20:00-22:30","12:00-14:30
22:00-00:30"
"14:00-16:30
04:00-06:30","16:00-18:30
06:00-08:30","00:00-02:30
18:00-20:30
08:00-10:30","02:00-04:30
20:00-22:30
10:00-12:30","04:00-06:30
22:00-00:30
12:00-14:30","06:00-08:30
14:00-16:30","08:00-10:30
16:00-18:30","00:00-02:30
10:00-12:30
18:00-20:30","02:00-04:30
12:00-14:30
20:00-22:30","04:00-06:30
14:00-16:30
22:00-00:30","06:00-08:30
16:00-18:30","08:00-10:30
18:00-20:30","00:00-02:30
10:00-12:30
20:00-22:30","02:00-04:30
12:00-14:30
22:00-00:30","04:00-06:30
14:00-16:30","06:00-08:30
16:00-18:30","08:00-10:30
18:00-20:30","10:00-12:30
20:00-22:30
00:00-02:30","12:00-14:30
22:00-00:30
02:00-04:30"
10:00-12:30,12:00-14:30,14:00-16:30,16:00-18:30,18:00-20:30,20:00-22:30,22:00-00:30,,,,,,,,00:00-02:30,02:00-04:30,04:00-06:30,06:00-08:30,08:00-10:30
"00:00-02:30
10:00-12:30","02:00-04:30
12:00-14:30","04:00-06:30
14:00-16:30","06:00-08:30
16:00-18:30","08:00-10:30
18:00-20:30","10:00-12:30
20:00-22:30","12:00-14:30
22:00-00:30",14:00-16:30,16:00-18:30,18:00-20:30,20:00-22:30,22:00-00:30,,,00:00-02:30,02:00-04:30,04:00-06:30,06:00-08:30,08:00-10:30
"00:00-02:30
10:00-12:30","02:00-04:30
12:00-14:30","04:00-06:30
14:00-16:30","06:00-08:30
16:00-18:30","08:00-10:30
18:00-20:30","00:00-02:30
10:00-12:30
20:00-22:30","02:00-04:30
12:00-14:30
22:00-00:30","04:00-06:30
14:00-16:30","06:00-08:30
16:00-18:30","08:00-10:30
18:00-20:30","10:00-12:30
20:00-22:30","12:00-14:30
22:00-00:30",14:00-16:30,16:00-18:30,"00:00-02:30
18:00-20:30","02:00-04:30
20:00-22:30","04:00-06:30
22:00-00:30",06:00-08:30,08:00-10:30
"00:00-02:30
10:00-12:30
18:00-20:30","02:00-04:30
12:00-14:30
20:00-22:30","04:00-06:30
14:00-16:30
22:00-00:30","06:00-08:30
16:00-18:30","08:00-10:30
18:00-20:30","00:00-02:30
10:00-12:30
20:00-22:30","02:00-04:30
12:00-14:30
22:00-00:30","04:00-06:30
14:00-16:30","06:00-08:30
16:00-18:30","08:00-10:30
18:00-20:30","10:00-12:30
20:00-22:30
00:00-02:30","12:00-14:30
22:00-00:30
02:00-04:30","14:00-16:30
04:00-06:30","16:00-18:30
06:00-08:30","00:00-02:30
18:00-20:30
08:00-10:30","02:00-04:30
20:00-22:30
10:00-12:30","04:00-06:30
22:00-00:30
12:00-14:30","06:00-08:30
14:00-16:30","08:00-10:30
16:00-18:30"
,,,,,,,00:00-02:30,02:00-04:30,04:00-06:30,06:00-08:30,08:00-10:30,10:00-12:30,12:00-14:30,14:00-16:30,16:00-18:30,18:00-20:30,20:00-22:30,22:00-00:30
14:00-16:30,16:00-18:30,18:00-20:30,20:00-22:30,22:00-00:30,,,00:00-02:30,02:00-04:30,04:00-06:30,06:00-08:30,08:00-10:30,"00:00-02:30
10:00-12:30","02:00-04:30
12:00-14:30","04:00-06:30
14:00-16:30","06:00-08:30
16:00-18:30","08:00-10:30
18:00-20:30","10:00-12:30
20:00-22:30","12:00-14:30
22:00-00:30"
"04:00-06:30
14:00-16:30","06:00-08:30
16:00-18:30","08:00-10:30
18:00-20:30","10:00-12:30
20:00-22:30","12:00-14:30
22:00-00:30",14:00-16:30,16:00-18:30,"00:00-02:30
18:00-20:30","02:00-04:30
20:00-22:30","04:00-06:30
22:00-00:30",06:00-08:30,08:00-10:30,"00:00-02:30
10:00-12:30","02:00-04:30
12:00-14:30","04:00-06:30
14:00-16:30","06:00-08:30
16:00-18:30","08:00-10:30
18:00-20:30","00:00-02:30
10:00-12:30
20:00-22:30","02:00-04:30
12:00-14:30
22:00-00:30"
"04:00-06:30
14:00-16:30","06:00-08:30
16:00-18:30","08:00-10:30
18:00-20:30","10:00-12:30
20:00-22:30
00:00-02:30","12:00-14:30
22:00-00:30
02:00-04:30","14:00-16:30
04:00-06:30","16:00-18:30
06:00-08:30","00:00-02:30
18:00-20:30
08:00-10:30","02:00-04:30
20:00-22:30
10:00-12:30","04:00-06:30
22:00-00:30
12:00-14:30","06:00-08:30
14:00-16:30","08:00-10:30
16:00-18:30","00:00-02:30
10:00-12:30
18:00-20:30","02:00-04:30
12:00-14:30
20:00-22:30","04:00-06:30
14:00-16:30
22:00-00:30","06:00-08:30
16:00-18:30","08:00-10:30
18:00-20:30","00:00-02:30
10:00-12:30
20:00-22:30","02:00-04:30
12:00-14:30
22:00-00:30"
